product_id,edr_volume,edr_subdir,edr_doy,edr_product,cdr_volume,cdr_subdir,cdr_doy,cdr_product,orbit_number,start_time,stop_time,start_frame,center_frame_index,n_frames_for_square_crop,sun_elevation_deg,incidence_angle_deg,center_lat_deg,center_lon_deg
M1327210646CE,LROLRC_0041B,ESM4,2019305,M1327210646CE,LROLRC_1041B,ESM4,2019305,M1327210646CC,46625,2019-11-01 01:22:59.051000+00:00,2019-11-01 01:29:01.864000+00:00,93.5,129.0,71,41.84454415343905,48.16,38.502,169.5177
M1327211014CE,LROLRC_0041B,ESM4,2019305,M1327211014CE,LROLRC_1041B,ESM4,2019305,M1327210646CC,46625,2019-11-01 01:29:06.171000+00:00,2019-11-01 01:34:22.421000+00:00,75.0,110.0,70,28.65083554281002,61.35,55.4504,171.8937
M1327211334CE,LROLRC_0041B,ESM4,2019305,M1327211334CE,LROLRC_1041B,ESM4,2019305,M1327210646CC,46625,2019-11-01 01:34:26.729000+00:00,2019-11-01 01:39:25.323000+00:00,69.5,105.0,71,15.823284993585204,74.18,70.7112,177.0545
M1327215525CE,LROLRC_0041B,ESM4,2019305,M1327215525CE,LROLRC_1041B,ESM4,2019305,M1327215170CC,46625,2019-11-01 02:44:17.189000+00:00,2019-11-01 02:52:24.126000+00:00,259.5,294.0,69,19.388088755630648,70.61,-67.5433,156.7774
M1327216016CE,LROLRC_0041B,ESM4,2019305,M1327216016CE,LROLRC_1041B,ESM4,2019305,M1327215525CC,46625,2019-11-01 02:52:28.428000+00:00,2019-11-01 02:57:51.396000+00:00,126.5,159.0,65,36.64934005294619,53.35,-46.4285,161.8946
M1327216343CE,LROLRC_0041B,ESM4,2019305,M1327216343CE,LROLRC_1041B,ESM4,2019305,M1327215525CC,46625,2019-11-01 02:57:55.699000+00:00,2019-11-01 03:06:56.918000+00:00,215.5,251.0,71,51.96973198503945,38.03,-24.1444,163.9762
M1327216889CE,LROLRC_0041B,ESM4,2019305,M1327216889CE,LROLRC_1041B,ESM4,2019305,M1327216343CC,46625,2019-11-01 03:07:01.221000+00:00,2019-11-01 03:22:01.158000+00:00,335.5,374.0,77,56.9677438313506,33.04,12.297,166.2596
M1327217793CE,LROLRC_0041B,ESM4,2019305,M1327217793CE,LROLRC_1041B,ESM4,2019305,M1327217793CC,46626,2019-11-01 03:22:05.466000+00:00,2019-11-01 03:27:32.497000+00:00,79.5,115.0,71,38.53586267151298,51.47,43.0223,168.9155
M1327218124CE,LROLRC_0041B,ESM4,2019305,M1327218124CE,LROLRC_1041B,ESM4,2019305,M1327217793CC,46626,2019-11-01 03:27:36.804000+00:00,2019-11-01 03:33:02.304000+00:00,77.0,112.0,70,25.530497907159628,64.47,59.281,171.6293
M1327218454CE,LROLRC_0041B,ESM4,2019305,M1327218454CE,LROLRC_1041B,ESM4,2019305,M1327217793CC,46626,2019-11-01 03:33:06.612000+00:00,2019-11-01 03:37:05.237000+00:00,48.0,83.0,70,13.642308276210954,76.36,73.2483,177.6659
M1327222602CE,LROLRC_0041B,ESM4,2019305,M1327222602CE,LROLRC_1041B,ESM4,2019305,M1327222168CC,46626,2019-11-01 04:42:14.743000+00:00,2019-11-01 04:49:19.993000+00:00,210.0,243.0,66,19.837204396572773,70.16,-67.0281,155.9466
M1327223032CE,LROLRC_0041B,ESM4,2019305,M1327223032CE,LROLRC_1041B,ESM4,2019305,M1327222602CC,46626,2019-11-01 04:49:24.295000+00:00,2019-11-01 04:54:48.295000+00:00,129.0,162.0,66,35.87496169740962,54.13,-47.4732,160.6587
M1327223360CE,LROLRC_0041B,ESM4,2019305,M1327223360CE,LROLRC_1041B,ESM4,2019305,M1327222602CC,46626,2019-11-01 04:54:52.598000+00:00,2019-11-01 05:02:55.598000+00:00,189.0,224.0,70,50.59677480392899,39.41,-26.6153,162.7134
M1327223847CE,LROLRC_0041B,ESM4,2019305,M1327223847CE,LROLRC_1041B,ESM4,2019305,M1327223360CC,46626,2019-11-01 05:02:59.902000+00:00,2019-11-01 05:17:57.558000+00:00,344.0,383.0,78,58.26823608104536,31.74,8.3363,164.902
M1327224749CE,LROLRC_0041B,ESM4,2019305,M1327224749CE,LROLRC_1041B,ESM4,2019305,M1327224749CC,46627,2019-11-01 05:18:01.865000+00:00,2019-11-01 05:23:53.428000+00:00,89.0,125.0,72,41.12500304171266,48.88,39.644,167.4415
M1327225105CE,LROLRC_0041B,ESM4,2019305,M1327225105CE,LROLRC_1041B,ESM4,2019305,M1327224749CC,46627,2019-11-01 05:23:57.735000+00:00,2019-11-01 05:29:17.423000+00:00,75.0,110.0,70,27.972869395950383,62.03,56.3716,169.8828
M1327225429CE,LROLRC_0041B,ESM4,2019305,M1327225429CE,LROLRC_1041B,ESM4,2019305,M1327224749CC,46627,2019-11-01 05:29:21.730000+00:00,2019-11-01 05:34:43.730000+00:00,77.0,112.0,70,14.536076090486233,75.47,72.2472,175.8547
M1327229618CE,LROLRC_0041B,ESM4,2019305,M1327229618CE,LROLRC_1041B,ESM4,2019305,M1327229224CC,46627,2019-11-01 06:39:10.634000+00:00,2019-11-01 06:46:56.384000+00:00,242.0,276.0,68,19.823562059044377,70.18,-67.0682,154.8023
M1327230088CE,LROLRC_0041B,ESM4,2019305,M1327230088CE,LROLRC_1041B,ESM4,2019305,M1327229618CC,46627,2019-11-01 06:47:00.685000+00:00,2019-11-01 06:51:44.685000+00:00,109.5,142.0,65,35.90047517198849,54.1,-47.4899,159.5778
M1327230841CE,LROLRC_0041B,ESM4,2019305,M1327230841CE,LROLRC_1041B,ESM4,2019305,M1327230376CC,46627,2019-11-01 06:59:33.918000+00:00,2019-11-01 07:14:31.574000+00:00,344.0,383.0,78,58.84898594370333,31.16,6.1909,163.6702
M1327231743CE,LROLRC_0041B,ESM4,2019305,M1327231743CE,LROLRC_1041B,ESM4,2019305,M1327231743CC,46628,2019-11-01 07:14:35.881000+00:00,2019-11-01 07:20:38.693000+00:00,93.0,129.0,72,42.53983186727469,47.46,37.7975,166.1636
M1327232110CE,LROLRC_0041B,ESM4,2019305,M1327232110CE,LROLRC_1041B,ESM4,2019305,M1327231743CC,46628,2019-11-01 07:20:43.001000+00:00,2019-11-01 07:26:02.126000+00:00,75.5,111.0,71,29.31393242830353,60.69,54.7864,168.4729
M1327232434CE,LROLRC_0041B,ESM4,2019305,M1327232434CE,LROLRC_1041B,ESM4,2019305,M1327231743CC,46628,2019-11-01 07:26:06.433000+00:00,2019-11-01 07:31:17.401000+00:00,72.0,107.0,70,16.16961489037564,73.83,70.3911,173.5818
M1327236634CE,LROLRC_0041B,ESM4,2019305,M1327236634CE,LROLRC_1041B,ESM4,2019305,M1327236282CC,46628,2019-11-01 08:36:06.705000+00:00,2019-11-01 08:43:52.111000+00:00,247.0,281.0,68,18.917407507661224,71.08,-68.1433,153.2207
M1327237104CE,LROLRC_0041B,ESM4,2019305,M1327237104CE,LROLRC_1041B,ESM4,2019305,M1327236634CC,46628,2019-11-01 08:43:56.413000+00:00,2019-11-01 08:48:39.913000+00:00,111.0,144.0,66,35.0785331917678,54.92,-48.5797,158.3268
M1327237821CE,LROLRC_0041B,ESM4,2019305,M1327237821CE,LROLRC_1041B,ESM4,2019305,M1327237104CC,46628,2019-11-01 08:55:53.520000+00:00,2019-11-01 09:10:50.770000+00:00,349.0,388.0,78,59.39584483741697,30.61,3.3155,162.3885
M1327238723CE,LROLRC_0041B,ESM4,2019305,M1327238723CE,LROLRC_1041B,ESM4,2019305,M1327238723CC,46629,2019-11-01 09:10:55.149000+00:00,2019-11-01 09:17:10.524000+00:00,96.5,132.0,71,44.42693998593665,45.58,35.2505,164.8176
M1327239102CE,LROLRC_0041B,ESM4,2019305,M1327239102CE,LROLRC_1041B,ESM4,2019305,M1327238723CC,46629,2019-11-01 09:17:14.759000+00:00,2019-11-01 09:22:48.978000+00:00,79.5,115.0,71,30.875255632702725,59.13,52.9194,167.0406
M1327239441CE,LROLRC_0041B,ESM4,2019305,M1327239441CE,LROLRC_1041B,ESM4,2019305,M1327238723CC,46629,2019-11-01 09:22:53.285000+00:00,2019-11-01 09:28:57.535000+00:00,89.0,124.0,70,16.36319178540238,73.64,70.1954,172.3963
M1327243712CE,LROLRC_0041B,ESM4,2019305,M1327243712CE,LROLRC_1041B,ESM4,2019305,M1327243279CC,46629,2019-11-01 10:34:04.761000+00:00,2019-11-01 10:40:48.668000+00:00,202.5,235.0,65,19.395743926107414,70.61,-67.5979,152.4165
M1327244120CE,LROLRC_0041B,ESM4,2019305,M1327244120CE,LROLRC_1041B,ESM4,2019305,M1327243712CC,46629,2019-11-01 10:40:52.969000+00:00,2019-11-01 10:45:36.469000+00:00,111.5,144.0,65,34.39468542285546,55.61,-49.5604,156.2598
M1327244812CE,LROLRC_0041B,ESM4,2019305,M1327244812CE,LROLRC_1041B,ESM4,2019305,M1327244120CC,46629,2019-11-01 10:52:24.576000+00:00,2019-11-01 11:07:21.108000+00:00,354.0,393.0,78,59.68060927707221,30.33,0.9951,161.1469
M1327245713CE,LROLRC_0041B,ESM4,2019305,M1327245713CE,LROLRC_1041B,ESM4,2019305,M1327245713CC,46630,2019-11-01 11:07:25.414000+00:00,2019-11-01 11:13:56.352000+00:00,103.0,139.0,72,45.8387834421314,44.16,33.3189,163.5525
M1327246108CE,LROLRC_0041B,ESM4,2019305,M1327246108CE,LROLRC_1041B,ESM4,2019305,M1327245713CC,46630,2019-11-01 11:14:00.658000+00:00,2019-11-01 11:19:41.409000+00:00,80.5,116.0,71,32.03531588999186,57.97,51.5335,165.7216
M1327246453CE,LROLRC_0041B,ESM4,2019305,M1327246453CE,LROLRC_1041B,ESM4,2019305,M1327245713CC,46630,2019-11-01 11:19:45.717000+00:00,2019-11-01 11:26:35.498000+00:00,105.5,141.0,71,16.484579855007382,73.52,70.0777,171.2537
M1327250730CE,LROLRC_0041B,ESM4,2019305,M1327250730CE,LROLRC_1041B,ESM4,2019305,M1327250336CC,46630,2019-11-01 12:31:02.150000+00:00,2019-11-01 12:38:44.525000+00:00,240.5,274.0,67,19.84241252180786,70.16,-67.1036,151.4833
M1327251196CE,LROLRC_0041B,ESM4,2019305,M1327251196CE,LROLRC_1041B,ESM4,2019305,M1327250730CC,46630,2019-11-01 12:38:48.823000+00:00,2019-11-01 12:44:08.510000+00:00,131.0,165.0,68,36.64873192772758,53.35,-46.6271,155.6809
M1327251520CE,LROLRC_0041B,ESM4,2019305,M1327251520CE,LROLRC_1041B,ESM4,2019305,M1327250730CC,46630,2019-11-01 12:44:12.813000+00:00,2019-11-01 12:52:52.063000+00:00,212.0,248.0,72,51.9595974730612,38.04,-24.984,158.2121
M1327252044CE,LROLRC_0041B,ESM4,2019305,M1327252044CE,LROLRC_1041B,ESM4,2019305,M1327251520CC,46630,2019-11-01 12:52:56.366000+00:00,2019-11-01 13:07:56.303000+00:00,335.0,374.0,78,57.92469544855516,32.08,10.8268,160.6849
M1327252948CE,LROLRC_0041B,ESM4,2019305,M1327252948CE,LROLRC_1041B,ESM4,2019305,M1327252948CC,46631,2019-11-01 13:08:00.611000+00:00,2019-11-01 13:13:31.236000+00:00,79.0,115.0,72,39.88270418760111,50.12,41.5876,163.294
M1327253283CE,LROLRC_0041B,ESM4,2019305,M1327253283CE,LROLRC_1041B,ESM4,2019305,M1327252948CC,46631,2019-11-01 13:13:35.543000+00:00,2019-11-01 13:18:49.855000+00:00,71.5,107.0,71,27.077784187366476,62.92,57.6247,165.7941
M1327253602CE,LROLRC_0041B,ESM4,2019305,M1327253602CE,LROLRC_1041B,ESM4,2019305,M1327252948CC,46631,2019-11-01 13:18:54.163000+00:00,2019-11-01 13:23:12.444000+00:00,52.0,87.0,70,15.027088149415306,74.97,71.7746,171.1735
M1327257746CE,LROLRC_0041B,ESM4,2019305,M1327257746CE,LROLRC_1041B,ESM4,2019305,M1327257393CC,46631,2019-11-01 14:27:58.194000+00:00,2019-11-01 14:35:41.319000+00:00,251.0,285.0,68,18.949113596448115,71.05,-68.164,149.9086
M1327258213CE,LROLRC_0041B,ESM4,2019305,M1327258213CE,LROLRC_1041B,ESM4,2019305,M1327257746CC,46631,2019-11-01 14:35:45.621000+00:00,2019-11-01 14:41:03.965000+00:00,132.0,167.0,70,35.40951290790655,54.59,-47.8313,156.8002
M1327258536CE,LROLRC_0041B,ESM4,2019305,M1327258536CE,LROLRC_1041B,ESM4,2019305,M1327257746CC,46631,2019-11-01 14:41:08.267000+00:00,2019-11-01 14:48:59.361000+00:00,189.0,225.0,72,50.49433198766819,39.51,-27.356,158.2438
M1327259011CE,LROLRC_0041B,ESM4,2019305,M1327259011CE,LROLRC_1041B,ESM4,2019305,M1327258536CC,46631,2019-11-01 14:49:03.664000+00:00,2019-11-01 15:04:03.789000+00:00,340.0,379.0,78,58.9767988558534,31.03,7.3512,159.3705
M1327259916CE,LROLRC_0041B,ESM4,2019305,M1327259916CE,LROLRC_1041B,ESM4,2019305,M1327259916CC,46632,2019-11-01 15:04:08.150000+00:00,2019-11-01 15:10:07.525000+00:00,89.0,125.0,72,41.97153904680031,48.03,38.8694,161.9174
M1327260279CE,LROLRC_0041B,ESM4,2019305,M1327260279CE,LROLRC_1041B,ESM4,2019305,M1327259916CC,46632,2019-11-01 15:10:11.779000+00:00,2019-11-01 15:15:26.092000+00:00,71.5,107.0,71,28.776324289394267,61.23,55.6141,164.2885
M1327260598CE,LROLRC_0041B,ESM4,2019305,M1327260598CE,LROLRC_1041B,ESM4,2019305,M1327259916CC,46632,2019-11-01 15:15:30.399000+00:00,2019-11-01 15:20:51.024000+00:00,73.0,108.0,70,15.469609159585701,74.53,71.2885,169.7974
M1327264823CE,LROLRC_0041B,ESM4,2019305,M1327264823CE,LROLRC_1041B,ESM4,2019305,M1327264390CC,46632,2019-11-01 16:25:55.750000+00:00,2019-11-01 16:32:37.375000+00:00,205.0,238.0,66,19.399323568485542,70.6,-67.6482,149.0953
M1327265229CE,LROLRC_0041B,ESM4,2019305,M1327265229CE,LROLRC_1041B,ESM4,2019305,M1327264823CC,46632,2019-11-01 16:32:41.677000+00:00,2019-11-01 16:38:00.427000+00:00,136.0,170.0,68,35.03734123197544,54.96,-48.8628,154.785
M1327265552CE,LROLRC_0041B,ESM4,2019305,M1327265552CE,LROLRC_1041B,ESM4,2019305,M1327264823CC,46632,2019-11-01 16:38:04.730000+00:00,2019-11-01 16:45:27.542000+00:00,180.0,218.0,76,48.67068755056002,41.33,-29.1023,156.4491
M1327265999CE,LROLRC_0041B,ESM4,2019305,M1327265999CE,LROLRC_1041B,ESM4,2019305,M1327265552CC,46632,2019-11-01 16:45:31.846000+00:00,2019-11-01 17:00:29.502000+00:00,344.0,383.0,78,59.55755910037704,30.45,4.8508,158.1259
M1327266901CE,LROLRC_0041B,ESM4,2019305,M1327266901CE,LROLRC_1041B,ESM4,2019305,M1327266901CC,46633,2019-11-01 17:00:33.809000+00:00,2019-11-01 17:06:39.996000+00:00,90.5,126.0,71,43.75667380340442,46.25,36.5025,160.5992
M1327267272CE,LROLRC_0041B,ESM4,2019305,M1327267272CE,LROLRC_1041B,ESM4,2019305,M1327266901CC,46633,2019-11-01 17:06:44.304000+00:00,2019-11-01 17:12:10.866000+00:00,74.5,110.0,71,30.36442533820353,59.64,53.722,162.8477
M1327267603CE,LROLRC_0041B,ESM4,2019305,M1327267603CE,LROLRC_1041B,ESM4,2019305,M1327266901CC,46633,2019-11-01 17:12:15.173000+00:00,2019-11-01 17:18:31.173000+00:00,92.5,128.0,71,15.694779370678773,74.31,71.0518,168.5922
M1327271840CE,LROLRC_0041B,ESM4,2019305,M1327271840CE,LROLRC_1041B,ESM4,2019305,M1327271447CC,46633,2019-11-01 18:22:52.579000+00:00,2019-11-01 18:30:33.267000+00:00,240.0,273.0,66,19.82791630426135,70.17,-67.1744,148.1616
M1327272305CE,LROLRC_0041B,ESM4,2019305,M1327272305CE,LROLRC_1041B,ESM4,2019305,M1327271840CC,46633,2019-11-01 18:30:37.568000+00:00,2019-11-01 18:35:54.537000+00:00,128.0,161.0,66,36.62034477756863,53.38,-46.8582,153.0939
M1327272626CE,LROLRC_0041B,ESM4,2019305,M1327272626CE,LROLRC_1041B,ESM4,2019305,M1327271840CC,46633,2019-11-01 18:35:58.839000+00:00,2019-11-01 18:44:15.902000+00:00,204.0,241.0,74,51.53592041875613,38.47,-25.8251,155.1209
M1327273128CE,LROLRC_0041B,ESM4,2019305,M1327273128CE,LROLRC_1041B,ESM4,2019305,M1327272626CC,46633,2019-11-01 18:44:20.205000+00:00,2019-11-01 18:59:21.299000+00:00,327.0,365.0,76,58.588946489484556,31.42,9.4966,157.3436
M1327274033CE,LROLRC_0041B,ESM4,2019305,M1327274033CE,LROLRC_1041B,ESM4,2019305,M1327274033CC,46634,2019-11-01 18:59:25.606000+00:00,2019-11-01 19:05:08.544000+00:00,82.5,118.0,71,40.78402844106092,49.22,40.5817,159.9445
M1327274380CE,LROLRC_0041B,ESM4,2019305,M1327274380CE,LROLRC_1041B,ESM4,2019305,M1327274033CC,46634,2019-11-01 19:05:12.850000+00:00,2019-11-01 19:10:27.163000+00:00,71.0,107.0,72,27.76184830196724,62.24,56.9102,162.4074
M1327274699CE,LROLRC_0041B,ESM4,2019305,M1327274699CE,LROLRC_1041B,ESM4,2019305,M1327274033CC,46634,2019-11-01 19:10:31.470000+00:00,2019-11-01 19:15:04.470000+00:00,56.5,91.0,69,15.396568078070871,74.6,71.4069,167.7288
M1327278856CE,LROLRC_0041B,ESM4,2019305,M1327278856CE,LROLRC_1041B,ESM4,2019305,M1327278505CC,46634,2019-11-01 20:19:48.768000+00:00,2019-11-01 20:27:30.268000+00:00,250.0,284.0,68,18.930949004663916,71.07,-68.235,146.575
M1327279322CE,LROLRC_0041B,ESM4,2019305,M1327279322CE,LROLRC_1041B,ESM4,2019305,M1327278856CC,46634,2019-11-01 20:27:34.569000+00:00,2019-11-01 20:32:50.382000+00:00,129.5,163.0,67,35.814191225264196,54.19,-47.923,151.8538
M1327279642CE,LROLRC_0041B,ESM4,2019305,M1327279642CE,LROLRC_1041B,ESM4,2019305,M1327278856CC,46634,2019-11-01 20:32:54.684000+00:00,2019-11-01 20:40:38.747000+00:00,188.5,225.0,73,50.418628488850494,39.59,-27.7406,153.9001
M1327280110CE,LROLRC_0041B,ESM4,2019305,M1327280110CE,LROLRC_1041B,ESM4,2019305,M1327279642CC,46634,2019-11-01 20:40:43.050000+00:00,2019-11-01 20:55:43.176000+00:00,340.0,379.0,78,59.36473064710123,30.64,6.7611,156.086
M1327281015CE,LROLRC_0041B,ESM4,2019305,M1327281015CE,LROLRC_1041B,ESM4,2019305,M1327281015CC,46635,2019-11-01 20:55:47.484000+00:00,2019-11-01 21:01:44.952000+00:00,87.5,123.0,71,42.59448859262636,47.41,38.2193,158.6186
M1327281377CE,LROLRC_0041B,ESM4,2019305,M1327281377CE,LROLRC_1041B,ESM4,2019305,M1327281015CC,46635,2019-11-01 21:01:49.259000+00:00,2019-11-01 21:07:09.446000+00:00,73.0,109.0,72,29.327034822075305,60.68,55.0537,160.9596
M1327281701CE,LROLRC_0041B,ESM4,2019305,M1327281701CE,LROLRC_1041B,ESM4,2019305,M1327281015CC,46635,2019-11-01 21:07:13.754000+00:00,2019-11-01 21:12:43.754000+00:00,75.0,110.0,70,15.687034817325198,74.31,71.0921,166.4966
M1327285934CE,LROLRC_0041B,ESM4,2019305,M1327285934CE,LROLRC_1041B,ESM4,2019305,M1327285503CC,46635,2019-11-01 22:17:46.791000+00:00,2019-11-01 22:24:26.728000+00:00,204.0,237.0,66,19.394228472172557,70.61,-67.7085,145.7721
M1327286338CE,LROLRC_0041B,ESM4,2019305,M1327286338CE,LROLRC_1041B,ESM4,2019305,M1327285934CC,46635,2019-11-01 22:24:31.030000+00:00,2019-11-01 22:29:47.467000+00:00,132.5,166.0,67,35.01046040042639,54.99,-48.9727,150.6141
M1327286659CE,LROLRC_0041B,ESM4,2019305,M1327286659CE,LROLRC_1041B,ESM4,2019305,M1327285934CC,46635,2019-11-01 22:29:51.770000+00:00,2019-11-01 22:37:08.832000+00:00,184.5,222.0,75,49.3829809931015,40.62,-29.4461,152.6852
M1327287101CE,LROLRC_0041B,ESM4,2019305,M1327287101CE,LROLRC_1041B,ESM4,2019305,M1327286659CC,46635,2019-11-01 22:37:13.152000+00:00,2019-11-01 22:52:10.808000+00:00,344.0,383.0,78,59.88626023937082,30.12,4.3407,154.8566
M1327288003CE,LROLRC_0041B,ESM4,2019305,M1327288003CE,LROLRC_1041B,ESM4,2019305,M1327288003CC,46636,2019-11-01 22:52:15.152000+00:00,2019-11-01 22:58:23.152000+00:00,92.0,128.0,72,44.234930831680984,45.77,36.0322,157.3344
M1327288375CE,LROLRC_0041B,ESM4,2019305,M1327288375CE,LROLRC_1041B,ESM4,2019305,M1327288003CC,46636,2019-11-01 22:58:27.407000+00:00,2019-11-01 23:03:56.407000+00:00,76.0,112.0,72,30.755503685333203,59.25,53.3468,159.5856
M1327288708CE,LROLRC_0041B,ESM4,2019305,M1327288708CE,LROLRC_1041B,ESM4,2019305,M1327288003CC,46636,2019-11-01 23:04:00.714000+00:00,2019-11-01 23:10:23.683000+00:00,94.0,129.0,70,15.866035042438028,74.14,70.9007,165.3437
M1327292971CE,LROLRC_0041B,ESM4,2019306,M1327292971CE,LROLRC_1041B,ESM4,2019306,M1327292540CC,46636,2019-11-02 00:15:03.961000+00:00,2019-11-02 00:22:22.711000+00:00,227.0,260.0,66,20.268884137692424,69.73,-66.7155,145.0769
M1327293414CE,LROLRC_0041B,ESM4,2019306,M1327293414CE,LROLRC_1041B,ESM4,2019306,M1327292971CC,46636,2019-11-02 00:22:27.016000+00:00,2019-11-02 00:27:43.454000+00:00,132.0,166.0,68,36.628572244021456,53.37,-46.9781,149.8148
M1327293735CE,LROLRC_0041B,ESM4,2019306,M1327293735CE,LROLRC_1041B,ESM4,2019306,M1327292971CC,46636,2019-11-02 00:27:47.758000+00:00,2019-11-02 00:36:07.133000+00:00,199.0,235.0,72,51.66949859900522,38.33,-25.9,151.8709
M1327294239CE,LROLRC_0041B,ESM4,2019306,M1327294239CE,LROLRC_1041B,ESM4,2019306,M1327293735CC,46636,2019-11-02 00:36:11.438000+00:00,2019-11-02 00:51:11.376000+00:00,335.0,374.0,78,58.835776485455156,31.17,9.4416,154.1177
